residue_index,amino_acid,sscp_probability,rimbind_probability,remote_update
1,I,0.133550614,0.133550614,0.000000000
2,L,0.079365849,0.064732037,-0.014633812
3,K,0.193871647,0.215187892,0.021316245
4,L,0.348199487,0.369023651,0.020824164
5,P,0.329492718,0.384190738,0.054698020
6,D,0.125018984,0.147102833,0.022083849
7,K,0.559551179,0.616035461,0.056484282
8,Y,0.346496671,0.352776110,0.006279439
9,R,0.369710028,0.271035612,-0.098674417
10,T,0.076540306,0.068625860,-0.007914446
11,V,0.018692330,0.011930129,-0.006762201
12,I,0.026211482,0.023811718,-0.002399763
13,V,0.045589030,0.029168556,-0.016420474
14,L,0.068684027,0.060903203,-0.007780824
15,K,0.682060540,0.693107128,0.011046588
16,Y,0.676845670,0.657798111,-0.019047558
17,I,0.305592537,0.280608177,-0.024984360
18,D,0.079295233,0.069870852,-0.009424381
19,E,0.354831040,0.350472122,-0.004358917
20,L,0.113306209,0.127743393,0.014437184
21,S,0.639727890,0.732019067,0.092291176
22,L,0.671740294,0.785596848,0.113856554
23,I,0.475612074,0.551968694,0.076356620
24,E,0.151828855,0.162454560,0.010625705
25,I,0.049632791,0.030364940,-0.019267851
26,G,0.012628308,0.007610853,-0.005017454
27,E,0.086186044,0.086613879,0.000427835
28,I,0.023745049,0.014375017,-0.009370032
29,L,0.043218020,0.026371334,-0.016846687
30,N,0.175609112,0.180967033,0.005357921
31,I,0.358583361,0.464400679,0.105817318
32,P,0.830595016,0.888188899,0.057593882
33,V,0.130759031,0.180786401,0.050027370
34,G,0.677804589,0.774945021,0.097140431
35,T,0.915873647,0.951895297,0.036021650
36,V,0.019079020,0.011528507,-0.007550513
37,K,0.810189247,0.878118873,0.067929626
38,T,0.876743138,0.921241164,0.044498026
39,R,0.771925986,0.827733278,0.055807292
40,I,0.198179692,0.211937308,0.013757616
41,H,0.820220768,0.871551394,0.051330626
42,R,0.829610646,0.874130905,0.044520259
43,G,0.016590375,0.010694071,-0.005896305
44,R,0.770602405,0.800310314,0.029707909
45,E,0.198209092,0.224383712,0.026174620
46,A,0.059282385,0.066449620,0.007167235
47,L,0.042427178,0.030182563,-0.012244616
48,R,0.511833370,0.565447330,0.053613961
49,K,0.268288434,0.331222594,0.062934160
50,Q,0.130262852,0.102091447,-0.028171405
51,L,0.149896979,0.121975519,-0.027921461
52,R,0.318410814,0.318410814,0.000000000
53,D,0.225735039,0.225735039,0.000000000
